{
  "builds": [
    {
      "src": "package.json",
      "use": "@vercel/static-build",
      "config": {
        "distDir": "build"
      }
    }
  ],
  "routes": [
    {
      "src": "/static/(.*)",
      "dest": "/static/$1"
    },
    {
      "src": "/favicon.ico",
      "dest": "/favicon.ico"
    },
    {
      "src": "/asset-manifest.json",
      "dest": "/asset-manifest.json"
    },
    {
      "src": "/manifest.json",
      "dest": "/manifest.json"
    },
    {
      "src": "/logo192.png",
      "dest": "/logo192.png"
    },
    {
      "src": "/(.*\\..*)",
      "dest": "/$1"
    },
    {
      "src": "/(.*)",
      "dest": "/index.html"
    }
  ]
}
